voxel/serie,z,y,x
69984,25,40,24
69985,25,40,25
69986,25,40,26
70028,25,41,24
70029,25,41,25
70030,25,41,26
70072,25,42,24
70073,25,42,25
70074,25,42,26
70116,25,43,24
70117,25,43,25
70118,25,43,26
70119,25,43,27
70160,25,44,24
70161,25,44,25
70162,25,44,26
70163,25,44,27
70205,25,45,25
70206,25,45,26
70207,25,45,27
72670,26,39,26
72671,26,39,27
72672,26,39,28
72707,26,40,19
72708,26,40,20
72709,26,40,21
72712,26,40,24
72713,26,40,25
72714,26,40,26
72715,26,40,27
72716,26,40,28
72751,26,41,19
72752,26,41,20
72753,26,41,21
72756,26,41,24
72757,26,41,25
72758,26,41,26
72759,26,41,27
72760,26,41,28
72795,26,42,19
72796,26,42,20
72797,26,42,21
72800,26,42,24
72801,26,42,25
72802,26,42,26
72839,26,43,19
72840,26,43,20
72841,26,43,21
72844,26,43,24
72845,26,43,25
72846,26,43,26
72847,26,43,27
72883,26,44,19
72884,26,44,20
72885,26,44,21
72888,26,44,24
72889,26,44,25
72890,26,44,26
72891,26,44,27
72933,26,45,25
72934,26,45,26
72935,26,45,27
75230,27,35,34
75231,27,35,35
75232,27,35,36
75274,27,36,34
75275,27,36,35
75276,27,36,36
75318,27,37,34
75319,27,37,35
75320,27,37,36
75398,27,39,26
75399,27,39,27
75400,27,39,28
75435,27,40,19
75436,27,40,20
75437,27,40,21
75440,27,40,24
75441,27,40,25
75442,27,40,26
75443,27,40,27
75444,27,40,28
75479,27,41,19
75480,27,41,20
75481,27,41,21
75484,27,41,24
75485,27,41,25
75486,27,41,26
75487,27,41,27
75488,27,41,28
75523,27,42,19
75524,27,42,20
75525,27,42,21
75528,27,42,24
75529,27,42,25
75530,27,42,26
75567,27,43,19
75568,27,43,20
75569,27,43,21
75572,27,43,24
75573,27,43,25
75574,27,43,26
75575,27,43,27
75611,27,44,19
75612,27,44,20
75613,27,44,21
75616,27,44,24
75617,27,44,25
75618,27,44,26
75619,27,44,27
75661,27,45,25
75662,27,45,26
75663,27,45,27
77958,28,35,34
77959,28,35,35
77960,28,35,36
78002,28,36,34
78003,28,36,35
78004,28,36,36
78046,28,37,34
78047,28,37,35
78048,28,37,36
78112,28,39,12
78113,28,39,13
78114,28,39,14
78126,28,39,26
78127,28,39,27
78128,28,39,28
78156,28,40,12
78157,28,40,13
78158,28,40,14
78163,28,40,19
78164,28,40,20
78165,28,40,21
78170,28,40,26
78171,28,40,27
78172,28,40,28
78200,28,41,12
78201,28,41,13
78202,28,41,14
78207,28,41,19
78208,28,41,20
78209,28,41,21
78214,28,41,26
78215,28,41,27
78216,28,41,28
78251,28,42,19
78252,28,42,20
78253,28,42,21
78295,28,43,19
78296,28,43,20
78297,28,43,21
78339,28,44,19
78340,28,44,20
78341,28,44,21
78656,28,51,28
78657,28,51,29
78658,28,51,30
78700,28,52,28
78701,28,52,29
78702,28,52,30
78744,28,53,28
78745,28,53,29
78746,28,53,30
80669,29,35,17
80670,29,35,18
80671,29,35,19
80686,29,35,34
80687,29,35,35
80688,29,35,36
80711,29,36,15
80712,29,36,16
80713,29,36,17
80714,29,36,18
80715,29,36,19
80730,29,36,34
80731,29,36,35
80732,29,36,36
80755,29,37,15
80756,29,37,16
80757,29,37,17
80758,29,37,18
80759,29,37,19
80774,29,37,34
80775,29,37,35
80776,29,37,36
80799,29,38,15
80800,29,38,16
80801,29,38,17
80802,29,38,18
80840,29,39,12
80841,29,39,13
80842,29,39,14
80884,29,40,12
80885,29,40,13
80886,29,40,14
80928,29,41,12
80929,29,41,13
80930,29,41,14
81384,29,51,28
81385,29,51,29
81386,29,51,30
81428,29,52,28
81429,29,52,29
81430,29,52,30
81472,29,53,28
81473,29,53,29
81474,29,53,30
83395,30,35,15
83396,30,35,16
83397,30,35,17
83398,30,35,18
83399,30,35,19
83406,30,35,26
83407,30,35,27
83408,30,35,28
83409,30,35,29
83439,30,36,15
83440,30,36,16
83441,30,36,17
83442,30,36,18
83443,30,36,19
83450,30,36,26
83451,30,36,27
83452,30,36,28
83453,30,36,29
83483,30,37,15
83484,30,37,16
83485,30,37,17
83486,30,37,18
83487,30,37,19
83494,30,37,26
83495,30,37,27
83496,30,37,28
83497,30,37,29
83527,30,38,15
83528,30,38,16
83529,30,38,17
83530,30,38,18
83531,30,38,19
83539,30,38,27
83540,30,38,28
83541,30,38,29
83568,30,39,12
83569,30,39,13
83570,30,39,14
83612,30,40,12
83613,30,40,13
83614,30,40,14
83656,30,41,12
83657,30,41,13
83658,30,41,14
84112,30,51,28
84113,30,51,29
84114,30,51,30
84156,30,52,28
84157,30,52,29
84158,30,52,30
84200,30,53,28
84201,30,53,29
84202,30,53,30
86123,31,35,15
86124,31,35,16
86125,31,35,17
86126,31,35,18
86127,31,35,19
86134,31,35,26
86135,31,35,27
86136,31,35,28
86137,31,35,29
86138,31,35,30
86167,31,36,15
86168,31,36,16
86169,31,36,17
86170,31,36,18
86171,31,36,19
86177,31,36,25
86178,31,36,26
86179,31,36,27
86180,31,36,28
86181,31,36,29
86182,31,36,30
86211,31,37,15
86212,31,37,16
86213,31,37,17
86214,31,37,18
86215,31,37,19
86221,31,37,25
86222,31,37,26
86223,31,37,27
86224,31,37,28
86225,31,37,29
86226,31,37,30
86255,31,38,15
86256,31,38,16
86257,31,38,17
86258,31,38,18
86259,31,38,19
86265,31,38,25
86266,31,38,26
86267,31,38,27
86268,31,38,28
86269,31,38,29
86300,31,39,16
86301,31,39,17
86302,31,39,18
86303,31,39,19
86310,31,39,26
86311,31,39,27
86312,31,39,28
86313,31,39,29
88757,32,33,9
88758,32,33,10
88759,32,33,11
88801,32,34,9
88802,32,34,10
88803,32,34,11
88845,32,35,9
88846,32,35,10
88847,32,35,11
88851,32,35,15
88852,32,35,16
88853,32,35,17
88854,32,35,18
88855,32,35,19
88862,32,35,26
88863,32,35,27
88864,32,35,28
88865,32,35,29
88866,32,35,30
88895,32,36,15
88896,32,36,16
88897,32,36,17
88898,32,36,18
88899,32,36,19
88905,32,36,25
88906,32,36,26
88907,32,36,27
88908,32,36,28
88909,32,36,29
88910,32,36,30
88939,32,37,15
88940,32,37,16
88941,32,37,17
88942,32,37,18
88943,32,37,19
88949,32,37,25
88950,32,37,26
88951,32,37,27
88952,32,37,28
88953,32,37,29
88954,32,37,30
88983,32,38,15
88984,32,38,16
88985,32,38,17
88986,32,38,18
88987,32,38,19
88993,32,38,25
88994,32,38,26
88995,32,38,27
88996,32,38,28
88997,32,38,29
89028,32,39,16
89029,32,39,17
89030,32,39,18
89031,32,39,19
89038,32,39,26
89039,32,39,27
89040,32,39,28
89041,32,39,29
91485,33,33,9
91486,33,33,10
91487,33,33,11
91529,33,34,9
91530,33,34,10
91531,33,34,11
91573,33,35,9
91574,33,35,10
91575,33,35,11
91579,33,35,15
91580,33,35,16
91581,33,35,17
91582,33,35,18
91590,33,35,26
91591,33,35,27
91592,33,35,28
91593,33,35,29
91594,33,35,30
91623,33,36,15
91624,33,36,16
91625,33,36,17
91626,33,36,18
91627,33,36,19
91633,33,36,25
91634,33,36,26
91635,33,36,27
91636,33,36,28
91637,33,36,29
91638,33,36,30
91667,33,37,15
91668,33,37,16
91669,33,37,17
91670,33,37,18
91671,33,37,19
91677,33,37,25
91678,33,37,26
91679,33,37,27
91680,33,37,28
91681,33,37,29
91682,33,37,30
91711,33,38,15
91712,33,38,16
91713,33,38,17
91714,33,38,18
91715,33,38,19
91721,33,38,25
91722,33,38,26
91723,33,38,27
91724,33,38,28
91725,33,38,29
91756,33,39,16
91757,33,39,17
91758,33,39,18
91759,33,39,19
91766,33,39,26
91767,33,39,27
91768,33,39,28
91769,33,39,29
94213,34,33,9
94214,34,33,10
94215,34,33,11
94257,34,34,9
94258,34,34,10
94259,34,34,11
94301,34,35,9
94302,34,35,10
94303,34,35,11
94307,34,35,15
94308,34,35,16
94309,34,35,17
94310,34,35,18
94318,34,35,26
94319,34,35,27
94320,34,35,28
94321,34,35,29
94322,34,35,30
94350,34,36,14
94351,34,36,15
94352,34,36,16
94353,34,36,17
94354,34,36,18
94362,34,36,26
94363,34,36,27
94364,34,36,28
94365,34,36,29
94366,34,36,30
94394,34,37,14
94395,34,37,15
94396,34,37,16
94397,34,37,17
94398,34,37,18
94399,34,37,19
94406,34,37,26
94407,34,37,27
94408,34,37,28
94409,34,37,29
94410,34,37,30
94438,34,38,14
94439,34,38,15
94440,34,38,16
94441,34,38,17
94442,34,38,18
94443,34,38,19
94450,34,38,26
94451,34,38,27
94452,34,38,28
94453,34,38,29
94484,34,39,16
94485,34,39,17
94486,34,39,18
94487,34,39,19
94495,34,39,27
94496,34,39,28
94497,34,39,29
94623,34,42,23
94624,34,42,24
94625,34,42,25
94667,34,43,23
94668,34,43,24
94669,34,43,25
94711,34,44,23
94712,34,44,24
94713,34,44,25
97078,35,36,14
97079,35,36,15
97080,35,36,16
97081,35,36,17
97082,35,36,18
97090,35,36,26
97091,35,36,27
97092,35,36,28
97093,35,36,29
97122,35,37,14
97123,35,37,15
97124,35,37,16
97125,35,37,17
97126,35,37,18
97134,35,37,26
97135,35,37,27
97136,35,37,28
97137,35,37,29
97143,35,37,35
97144,35,37,36
97145,35,37,37
97166,35,38,14
97167,35,38,15
97168,35,38,16
97169,35,38,17
97170,35,38,18
97178,35,38,26
97179,35,38,27
97180,35,38,28
97181,35,38,29
97187,35,38,35
97188,35,38,36
97189,35,38,37
97231,35,39,35
97232,35,39,36
97233,35,39,37
97351,35,42,23
97352,35,42,24
97353,35,42,25
97395,35,43,23
97396,35,43,24
97397,35,43,25
97439,35,44,23
97440,35,44,24
97441,35,44,25
99776,36,35,28
99777,36,35,29
99778,36,35,30
99806,36,36,14
99807,36,36,15
99808,36,36,16
99809,36,36,17
99820,36,36,28
99821,36,36,29
99822,36,36,30
99850,36,37,14
99851,36,37,15
99852,36,37,16
99853,36,37,17
99864,36,37,28
99865,36,37,29
99866,36,37,30
99871,36,37,35
99872,36,37,36
99873,36,37,37
99894,36,38,14
99895,36,38,15
99896,36,38,16
99897,36,38,17
99915,36,38,35
99916,36,38,36
99917,36,38,37
99959,36,39,35
99960,36,39,36
99961,36,39,37
100079,36,42,23
100080,36,42,24
100081,36,42,25
100082,36,42,26
100123,36,43,23
100124,36,43,24
100125,36,43,25
100126,36,43,26
100167,36,44,23
100168,36,44,24
100169,36,44,25
100170,36,44,26
102403,37,33,15
102404,37,33,16
102405,37,33,17
102447,37,34,15
102448,37,34,16
102449,37,34,17
102460,37,34,28
102461,37,34,29
102462,37,34,30
102491,37,35,15
102492,37,35,16
102493,37,35,17
102504,37,35,28
102505,37,35,29
102506,37,35,30
102548,37,36,28
102549,37,36,29
102550,37,36,30
102592,37,37,28
102593,37,37,29
102594,37,37,30
102599,37,37,35
102600,37,37,36
102601,37,37,37
102643,37,38,35
102644,37,38,36
102645,37,38,37
102687,37,39,35
102688,37,39,36
102689,37,39,37
102705,37,40,9
102706,37,40,10
102707,37,40,11
102749,37,41,9
102750,37,41,10
102751,37,41,11
102793,37,42,9
102794,37,42,10
102795,37,42,11
102808,37,42,24
102809,37,42,25
102810,37,42,26
102852,37,43,24
102853,37,43,25
102854,37,43,26
102896,37,44,24
102897,37,44,25
102898,37,44,26
105131,38,33,15
105132,38,33,16
105133,38,33,17
105175,38,34,15
105176,38,34,16
105177,38,34,17
105188,38,34,28
105189,38,34,29
105190,38,34,30
105191,38,34,31
105219,38,35,15
105220,38,35,16
105221,38,35,17
105230,38,35,26
105231,38,35,27
105232,38,35,28
105233,38,35,29
105234,38,35,30
105235,38,35,31
105263,38,36,15
105264,38,36,16
105265,38,36,17
105266,38,36,18
105267,38,36,19
105274,38,36,26
105275,38,36,27
105276,38,36,28
105277,38,36,29
105278,38,36,30
105279,38,36,31
105309,38,37,17
105310,38,37,18
105311,38,37,19
105318,38,37,26
105319,38,37,27
105320,38,37,28
105321,38,37,29
105322,38,37,30
105353,38,38,17
105354,38,38,18
105355,38,38,19
105433,38,40,9
105434,38,40,10
105435,38,40,11
105477,38,41,9
105478,38,41,10
105479,38,41,11
105503,38,41,35
105504,38,41,36
105505,38,41,37
105521,38,42,9
105522,38,42,10
105523,38,42,11
105536,38,42,24
105537,38,42,25
105538,38,42,26
105547,38,42,35
105548,38,42,36
105549,38,42,37
105580,38,43,24
105581,38,43,25
105582,38,43,26
105591,38,43,35
105592,38,43,36
105593,38,43,37
105624,38,44,24
105625,38,44,25
105626,38,44,26
107857,39,33,13
107858,39,33,14
107859,39,33,15
107860,39,33,16
107861,39,33,17
107901,39,34,13
107902,39,34,14
107903,39,34,15
107904,39,34,16
107905,39,34,17
107916,39,34,28
107917,39,34,29
107918,39,34,30
107919,39,34,31
107920,39,34,32
107944,39,35,12
107945,39,35,13
107946,39,35,14
107947,39,35,15
107948,39,35,16
107949,39,35,17
107950,39,35,18
107958,39,35,26
107959,39,35,27
107960,39,35,28
107961,39,35,29
107962,39,35,30
107963,39,35,31
107964,39,35,32
107965,39,35,33
107966,39,35,34
107988,39,36,12
107989,39,36,13
107990,39,36,14
107991,39,36,15
107992,39,36,16
107993,39,36,17
107994,39,36,18
107995,39,36,19
108002,39,36,26
108003,39,36,27
108004,39,36,28
108005,39,36,29
108006,39,36,30
108007,39,36,31
108008,39,36,32
108009,39,36,33
108010,39,36,34
108032,39,37,12
108033,39,37,13
108034,39,37,14
108036,39,37,16
108037,39,37,17
108038,39,37,18
108039,39,37,19
108046,39,37,26
108047,39,37,27
108048,39,37,28
108049,39,37,29
108050,39,37,30
108052,39,37,32
108053,39,37,33
108054,39,37,34
108081,39,38,17
108082,39,38,18
108083,39,38,19
108161,39,40,9
108162,39,40,10
108163,39,40,11
108205,39,41,9
108206,39,41,10
108207,39,41,11
108231,39,41,35
108232,39,41,36
108233,39,41,37
108249,39,42,9
108250,39,42,10
108251,39,42,11
108275,39,42,35
108276,39,42,36
108277,39,42,37
108319,39,43,35
108320,39,43,36
108321,39,43,37
110585,40,33,13
110586,40,33,14
110587,40,33,15
110629,40,34,13
110630,40,34,14
110631,40,34,15
110632,40,34,16
110633,40,34,17
110644,40,34,28
110645,40,34,29
110646,40,34,30
110647,40,34,31
110648,40,34,32
110672,40,35,12
110673,40,35,13
110674,40,35,14
110675,40,35,15
110676,40,35,16
110677,40,35,17
110678,40,35,18
110686,40,35,26
110687,40,35,27
110688,40,35,28
110689,40,35,29
110690,40,35,30
110691,40,35,31
110692,40,35,32
110693,40,35,33
110694,40,35,34
110716,40,36,12
110717,40,36,13
110718,40,36,14
110719,40,36,15
110720,40,36,16
110721,40,36,17
110722,40,36,18
110723,40,36,19
110730,40,36,26
110731,40,36,27
110732,40,36,28
110733,40,36,29
110734,40,36,30
110735,40,36,31
110736,40,36,32
110737,40,36,33
110738,40,36,34
110760,40,37,12
110761,40,37,13
110762,40,37,14
110763,40,37,15
110764,40,37,16
110765,40,37,17
110766,40,37,18
110767,40,37,19
110774,40,37,26
110775,40,37,27
110776,40,37,28
110777,40,37,29
110778,40,37,30
110780,40,37,32
110781,40,37,33
110782,40,37,34
110809,40,38,17
110810,40,38,18
110811,40,38,19
110818,40,38,26
110819,40,38,27
110820,40,38,28
110959,40,41,35
110960,40,41,36
110961,40,41,37
111003,40,42,35
111004,40,42,36
111005,40,42,37
111006,40,42,38
111047,40,43,35
111048,40,43,36
111049,40,43,37
111050,40,43,38
111092,40,44,36
111093,40,44,37
111094,40,44,38
113313,41,33,13
113314,41,33,14
113315,41,33,15
113316,41,33,16
113357,41,34,13
113358,41,34,14
113359,41,34,15
113360,41,34,16
113361,41,34,17
113372,41,34,28
113373,41,34,29
113374,41,34,30
113375,41,34,31
113376,41,34,32
113400,41,35,12
113401,41,35,13
113402,41,35,14
113403,41,35,15
113404,41,35,16
113405,41,35,17
113406,41,35,18
113414,41,35,26
113415,41,35,27
113416,41,35,28
113417,41,35,29
113418,41,35,30
113419,41,35,31
113420,41,35,32
113421,41,35,33
113422,41,35,34
113441,41,36,9
113442,41,36,10
113443,41,36,11
113444,41,36,12
113445,41,36,13
113446,41,36,14
113447,41,36,15
113448,41,36,16
113449,41,36,17
113450,41,36,18
113458,41,36,26
113459,41,36,27
113460,41,36,28
113461,41,36,29
113462,41,36,30
113463,41,36,31
113464,41,36,32
113465,41,36,33
113466,41,36,34
113485,41,37,9
113486,41,37,10
113487,41,37,11
113488,41,37,12
113489,41,37,13
113490,41,37,14
113491,41,37,15
113492,41,37,16
113493,41,37,17
113494,41,37,18
113502,41,37,26
113503,41,37,27
113504,41,37,28
113505,41,37,29
113506,41,37,30
113508,41,37,32
113509,41,37,33
113510,41,37,34
113529,41,38,9
113530,41,38,10
113531,41,38,11
113546,41,38,26
113547,41,38,27
113548,41,38,28
113549,41,38,29
113615,41,40,7
113616,41,40,8
113617,41,40,9
113659,41,41,7
113660,41,41,8
113661,41,41,9
113703,41,42,7
113704,41,42,8
113705,41,42,9
113732,41,42,36
113733,41,42,37
113734,41,42,38
113776,41,43,36
113777,41,43,37
113778,41,43,38
113820,41,44,36
113821,41,44,37
113822,41,44,38
115950,42,31,10
115951,42,31,11
115952,42,31,12
115994,42,32,10
115995,42,32,11
115996,42,32,12
116038,42,33,10
116039,42,33,11
116040,42,33,12
116041,42,33,13
116042,42,33,14
116043,42,33,15
116044,42,33,16
116061,42,33,33
116062,42,33,34
116063,42,33,35
116085,42,34,13
116086,42,34,14
116087,42,34,15
116088,42,34,16
116089,42,34,17
116100,42,34,28
116101,42,34,29
116102,42,34,30
116103,42,34,31
116104,42,34,32
116105,42,34,33
116106,42,34,34
116107,42,34,35
116129,42,35,13
116130,42,35,14
116131,42,35,15
116132,42,35,16
116133,42,35,17
116134,42,35,18
116135,42,35,19
116142,42,35,26
116143,42,35,27
116144,42,35,28
116145,42,35,29
116146,42,35,30
116147,42,35,31
116148,42,35,32
116149,42,35,33
116150,42,35,34
116151,42,35,35
116169,42,36,9
116170,42,36,10
116171,42,36,11
116173,42,36,13
116174,42,36,14
116175,42,36,15
116176,42,36,16
116177,42,36,17
116178,42,36,18
116179,42,36,19
116186,42,36,26
116187,42,36,27
116188,42,36,28
116189,42,36,29
116190,42,36,30
116191,42,36,31
116192,42,36,32
116193,42,36,33
116194,42,36,34
116213,42,37,9
116214,42,37,10
116215,42,37,11
116219,42,37,15
116220,42,37,16
116221,42,37,17
116222,42,37,18
116223,42,37,19
116224,42,37,20
116230,42,37,26
116231,42,37,27
116232,42,37,28
116233,42,37,29
116236,42,37,32
116237,42,37,33
116238,42,37,34
116257,42,38,9
116258,42,38,10
116259,42,38,11
116266,42,38,18
116267,42,38,19
116268,42,38,20
116274,42,38,26
116275,42,38,27
116276,42,38,28
116277,42,38,29
116310,42,39,18
116311,42,39,19
116312,42,39,20
116343,42,40,7
116344,42,40,8
116345,42,40,9
116387,42,41,7
116388,42,41,8
116389,42,41,9
116431,42,42,7
116432,42,42,8
116433,42,42,9
116460,42,42,36
116461,42,42,37
116462,42,42,38
116504,42,43,36
116505,42,43,37
116506,42,43,38
116548,42,44,36
116549,42,44,37
116550,42,44,38
118678,43,31,10
118679,43,31,11
118680,43,31,12
118722,43,32,10
118723,43,32,11
118724,43,32,12
118745,43,32,33
118746,43,32,34
118747,43,32,35
118766,43,33,10
118767,43,33,11
118768,43,33,12
118769,43,33,13
118770,43,33,14
118771,43,33,15
118772,43,33,16
118789,43,33,33
118790,43,33,34
118791,43,33,35
118813,43,34,13
118814,43,34,14
118815,43,34,15
118816,43,34,16
118817,43,34,17
118818,43,34,18
118828,43,34,28
118829,43,34,29
118830,43,34,30
118831,43,34,31
118832,43,34,32
118833,43,34,33
118834,43,34,34
118835,43,34,35
118857,43,35,13
118858,43,35,14
118859,43,35,15
118860,43,35,16
118861,43,35,17
118862,43,35,18
118863,43,35,19
118871,43,35,27
118872,43,35,28
118873,43,35,29
118874,43,35,30
118875,43,35,31
118876,43,35,32
118877,43,35,33
118878,43,35,34
118879,43,35,35
118897,43,36,9
118898,43,36,10
118899,43,36,11
118901,43,36,13
118902,43,36,14
118903,43,36,15
118904,43,36,16
118905,43,36,17
118906,43,36,18
118907,43,36,19
118908,43,36,20
118914,43,36,26
118915,43,36,27
118916,43,36,28
118917,43,36,29
118918,43,36,30
118919,43,36,31
118920,43,36,32
118921,43,36,33
118922,43,36,34
118923,43,36,35
118941,43,37,9
118942,43,37,10
118943,43,37,11
118947,43,37,15
118948,43,37,16
118949,43,37,17
118950,43,37,18
118951,43,37,19
118952,43,37,20
118958,43,37,26
118959,43,37,27
118960,43,37,28
118961,43,37,29
118962,43,37,30
118963,43,37,31
118964,43,37,32
118965,43,37,33
118966,43,37,34
118985,43,38,9
118986,43,38,10
118987,43,38,11
118993,43,38,17
118994,43,38,18
118995,43,38,19
118996,43,38,20
119002,43,38,26
119003,43,38,27
119004,43,38,28
119005,43,38,29
119038,43,39,18
119039,43,39,19
119040,43,39,20
119071,43,40,7
119072,43,40,8
119073,43,40,9
119115,43,41,7
119116,43,41,8
119117,43,41,9
119159,43,42,7
119160,43,42,8
119161,43,42,9
119187,43,42,35
119188,43,42,36
119189,43,42,37
119231,43,43,35
119232,43,43,36
119233,43,43,37
119275,43,44,35
119276,43,44,36
119277,43,44,37
121406,44,31,10
121407,44,31,11
121408,44,31,12
121450,44,32,10
121451,44,32,11
121452,44,32,12
121473,44,32,33
121474,44,32,34
121475,44,32,35
121494,44,33,10
121495,44,33,11
121496,44,33,12
121497,44,33,13
121498,44,33,14
121499,44,33,15
121517,44,33,33
121518,44,33,34
121519,44,33,35
121539,44,34,11
121540,44,34,12
121541,44,34,13
121542,44,34,14
121543,44,34,15
121544,44,34,16
121545,44,34,17
121546,44,34,18
121561,44,34,33
121562,44,34,34
121563,44,34,35
121583,44,35,11
121584,44,35,12
121585,44,35,13
121586,44,35,14
121587,44,35,15
121588,44,35,16
121589,44,35,17
121590,44,35,18
121591,44,35,19
121599,44,35,27
121600,44,35,28
121601,44,35,29
121602,44,35,30
121603,44,35,31
121604,44,35,32
121605,44,35,33
121606,44,35,34
121607,44,35,35
121629,44,36,13
121630,44,36,14
121631,44,36,15
121632,44,36,16
121633,44,36,17
121634,44,36,18
121635,44,36,19
121636,44,36,20
121641,44,36,25
121642,44,36,26
121643,44,36,27
121644,44,36,28
121645,44,36,29
121646,44,36,30
121647,44,36,31
121648,44,36,32
121649,44,36,33
121650,44,36,34
121651,44,36,35
121675,44,37,15
121676,44,37,16
121677,44,37,17
121678,44,37,18
121679,44,37,19
121680,44,37,20
121681,44,37,21
121682,44,37,22
121685,44,37,25
121686,44,37,26
121687,44,37,27
121688,44,37,28
121689,44,37,29
121690,44,37,30
121691,44,37,31
121692,44,37,32
121693,44,37,33
121694,44,37,34
121721,44,38,17
121722,44,38,18
121723,44,38,19
121724,44,38,20
121725,44,38,21
121726,44,38,22
121729,44,38,25
121730,44,38,26
121731,44,38,27
121732,44,38,28
121733,44,38,29
121766,44,39,18
121767,44,39,19
121768,44,39,20
121769,44,39,21
121770,44,39,22
121915,44,42,35
121916,44,42,36
121917,44,42,37
121959,44,43,35
121960,44,43,36
121961,44,43,37
122003,44,44,35
122004,44,44,36
122005,44,44,37
124134,45,31,10
124135,45,31,11
124136,45,31,12
124178,45,32,10
124179,45,32,11
124180,45,32,12
124201,45,32,33
124202,45,32,34
124203,45,32,35
124222,45,33,10
124223,45,33,11
124224,45,33,12
124225,45,33,13
124226,45,33,14
124227,45,33,15
124245,45,33,33
124246,45,33,34
124247,45,33,35
124267,45,34,11
124268,45,34,12
124269,45,34,13
124270,45,34,14
124271,45,34,15
124272,45,34,16
124273,45,34,17
124274,45,34,18
124286,45,34,30
124287,45,34,31
124288,45,34,32
124289,45,34,33
124290,45,34,34
124291,45,34,35
124311,45,35,11
124312,45,35,12
124313,45,35,13
124314,45,35,14
124315,45,35,15
124316,45,35,16
124317,45,35,17
124318,45,35,18
124319,45,35,19
124327,45,35,27
124328,45,35,28
124329,45,35,29
124330,45,35,30
124331,45,35,31
124332,45,35,32
124333,45,35,33
124334,45,35,34
124335,45,35,35
124359,45,36,15
124360,45,36,16
124361,45,36,17
124362,45,36,18
124363,45,36,19
124364,45,36,20
124369,45,36,25
124370,45,36,26
124371,45,36,27
124372,45,36,28
124373,45,36,29
124374,45,36,30
124375,45,36,31
124376,45,36,32
124377,45,36,33
124378,45,36,34
124379,45,36,35
124403,45,37,15
124404,45,37,16
124405,45,37,17
124406,45,37,18
124407,45,37,19
124408,45,37,20
124409,45,37,21
124410,45,37,22
124413,45,37,25
124414,45,37,26
124415,45,37,27
124416,45,37,28
124417,45,37,29
124418,45,37,30
124419,45,37,31
124449,45,38,17
124450,45,38,18
124451,45,38,19
124452,45,38,20
124453,45,38,21
124454,45,38,22
124457,45,38,25
124458,45,38,26
124459,45,38,27
124460,45,38,28
124464,45,38,32
124465,45,38,33
124466,45,38,34
124496,45,39,20
124497,45,39,21
124498,45,39,22
124508,45,39,32
124509,45,39,33
124510,45,39,34
124552,45,40,32
124553,45,40,33
124554,45,40,34
124596,45,41,32
124597,45,41,33
124598,45,41,34
124619,45,42,11
124620,45,42,12
124621,45,42,13
124640,45,42,32
124641,45,42,33
124642,45,42,34
124643,45,42,35
124644,45,42,36
124645,45,42,37
124663,45,43,11
124664,45,43,12
124665,45,43,13
124687,45,43,35
124688,45,43,36
124689,45,43,37
124707,45,44,11
124708,45,44,12
124709,45,44,13
124731,45,44,35
124732,45,44,36
124733,45,44,37
126928,46,32,32
126929,46,32,33
126930,46,32,34
126931,46,32,35
126951,46,33,11
126952,46,33,12
126953,46,33,13
126972,46,33,32
126973,46,33,33
126974,46,33,34
126975,46,33,35
126995,46,34,11
126996,46,34,12
126997,46,34,13
126999,46,34,15
127000,46,34,16
127001,46,34,17
127013,46,34,29
127014,46,34,30
127015,46,34,31
127016,46,34,32
127017,46,34,33
127018,46,34,34
127019,46,34,35
127039,46,35,11
127040,46,35,12
127041,46,35,13
127043,46,35,15
127044,46,35,16
127045,46,35,17
127046,46,35,18
127047,46,35,19
127052,46,35,24
127053,46,35,25
127054,46,35,26
127055,46,35,27
127056,46,35,28
127057,46,35,29
127058,46,35,30
127059,46,35,31
127060,46,35,32
127061,46,35,33
127062,46,35,34
127063,46,35,35
127087,46,36,15
127088,46,36,16
127089,46,36,17
127090,46,36,18
127091,46,36,19
127092,46,36,20
127096,46,36,24
127097,46,36,25
127098,46,36,26
127099,46,36,27
127100,46,36,28
127101,46,36,29
127102,46,36,30
127103,46,36,31
127104,46,36,32
127131,46,37,15
127132,46,37,16
127133,46,37,17
127134,46,37,18
127135,46,37,19
127136,46,37,20
127137,46,37,21
127138,46,37,22
127140,46,37,24
127141,46,37,25
127142,46,37,26
127143,46,37,27
127144,46,37,28
127145,46,37,29
127146,46,37,30
127147,46,37,31
127177,46,38,17
127178,46,38,18
127179,46,38,19
127180,46,38,20
127181,46,38,21
127182,46,38,22
127185,46,38,25
127186,46,38,26
127187,46,38,27
127188,46,38,28
127192,46,38,32
127193,46,38,33
127194,46,38,34
127224,46,39,20
127225,46,39,21
127226,46,39,22
127236,46,39,32
127237,46,39,33
127238,46,39,34
127280,46,40,32
127281,46,40,33
127282,46,40,34
127324,46,41,32
127325,46,41,33
127326,46,41,34
127347,46,42,11
127348,46,42,12
127349,46,42,13
127368,46,42,32
127369,46,42,33
127370,46,42,34
127391,46,43,11
127392,46,43,12
127393,46,43,13
127435,46,44,11
127436,46,44,12
127437,46,44,13
129656,47,32,32
129657,47,32,33
129658,47,32,34
129679,47,33,11
129680,47,33,12
129681,47,33,13
129700,47,33,32
129701,47,33,33
129702,47,33,34
129723,47,34,11
129724,47,34,12
129725,47,34,13
129726,47,34,14
129727,47,34,15
129728,47,34,16
129729,47,34,17
129730,47,34,18
129740,47,34,28
129741,47,34,29
129742,47,34,30
129743,47,34,31
129744,47,34,32
129745,47,34,33
129746,47,34,34
129767,47,35,11
129768,47,35,12
129769,47,35,13
129770,47,35,14
129771,47,35,15
129772,47,35,16
129773,47,35,17
129774,47,35,18
129775,47,35,19
129778,47,35,22
129779,47,35,23
129780,47,35,24
129781,47,35,25
129782,47,35,26
129783,47,35,27
129784,47,35,28
129785,47,35,29
129786,47,35,30
129787,47,35,31
129788,47,35,32
129789,47,35,33
129790,47,35,34
129813,47,36,13
129814,47,36,14
129815,47,36,15
129816,47,36,16
129817,47,36,17
129818,47,36,18
129819,47,36,19
129820,47,36,20
129822,47,36,22
129823,47,36,23
129824,47,36,24
129825,47,36,25
129826,47,36,26
129827,47,36,27
129828,47,36,28
129829,47,36,29
129830,47,36,30
129831,47,36,31
129832,47,36,32
129860,47,37,16
129861,47,37,17
129862,47,37,18
129863,47,37,19
129864,47,37,20
129866,47,37,22
129867,47,37,23
129868,47,37,24
129869,47,37,25
129870,47,37,26
129871,47,37,27
129872,47,37,28
129873,47,37,29
129906,47,38,18
129907,47,38,19
129908,47,38,20
129913,47,38,25
129914,47,38,26
129915,47,38,27
129916,47,38,28
129920,47,38,32
129921,47,38,33
129922,47,38,34
129964,47,39,32
129965,47,39,33
129966,47,39,34
130008,47,40,32
130009,47,40,33
130010,47,40,34
130052,47,41,32
130053,47,41,33
130054,47,41,34
130075,47,42,11
130076,47,42,12
130077,47,42,13
130096,47,42,32
130097,47,42,33
130098,47,42,34
130119,47,43,11
130120,47,43,12
130121,47,43,13
130163,47,44,11
130164,47,44,12
130165,47,44,13
132384,48,32,32
132385,48,32,33
132386,48,32,34
132428,48,33,32
132429,48,33,33
132430,48,33,34
132453,48,34,13
132454,48,34,14
132455,48,34,15
132456,48,34,16
132457,48,34,17
132458,48,34,18
132466,48,34,26
132467,48,34,27
132468,48,34,28
132469,48,34,29
132470,48,34,30
132471,48,34,31
132472,48,34,32
132473,48,34,33
132474,48,34,34
132497,48,35,13
132498,48,35,14
132499,48,35,15
132500,48,35,16
132501,48,35,17
132502,48,35,18
132506,48,35,22
132507,48,35,23
132508,48,35,24
132509,48,35,25
132510,48,35,26
132511,48,35,27
132512,48,35,28
132513,48,35,29
132514,48,35,30
132515,48,35,31
132516,48,35,32
132517,48,35,33
132518,48,35,34
132541,48,36,13
132542,48,36,14
132543,48,36,15
132544,48,36,16
132545,48,36,17
132546,48,36,18
132547,48,36,19
132548,48,36,20
132550,48,36,22
132551,48,36,23
132552,48,36,24
132553,48,36,25
132554,48,36,26
132555,48,36,27
132556,48,36,28
132557,48,36,29
132558,48,36,30
132559,48,36,31
132588,48,37,16
132589,48,37,17
132590,48,37,18
132591,48,37,19
132592,48,37,20
132594,48,37,22
132595,48,37,23
132596,48,37,24
132597,48,37,25
132598,48,37,26
132599,48,37,27
132600,48,37,28
132601,48,37,29
132634,48,38,18
132635,48,38,19
132636,48,38,20
135181,49,34,13
135182,49,34,14
135183,49,34,15
135184,49,34,16
135185,49,34,17
135186,49,34,18
135194,49,34,26
135195,49,34,27
135196,49,34,28
135197,49,34,29
135198,49,34,30
135199,49,34,31
135225,49,35,13
135226,49,35,14
135227,49,35,15
135228,49,35,16
135229,49,35,17
135230,49,35,18
135234,49,35,22
135235,49,35,23
135236,49,35,24
135237,49,35,25
135238,49,35,26
135239,49,35,27
135240,49,35,28
135241,49,35,29
135242,49,35,30
135243,49,35,31
135269,49,36,13
135270,49,36,14
135271,49,36,15
135272,49,36,16
135273,49,36,17
135274,49,36,18
135278,49,36,22
135279,49,36,23
135280,49,36,24
135281,49,36,25
135282,49,36,26
135283,49,36,27
135284,49,36,28
135285,49,36,29
135286,49,36,30
135287,49,36,31
135322,49,37,22
135323,49,37,23
135324,49,37,24
135325,49,37,25
135326,49,37,26
135327,49,37,27
135328,49,37,28
135329,49,37,29
137910,50,34,14
137911,50,34,15
137912,50,34,16
137922,50,34,26
137923,50,34,27
137924,50,34,28
137925,50,34,29
137954,50,35,14
137955,50,35,15
137956,50,35,16
137966,50,35,26
137967,50,35,27
137968,50,35,28
137969,50,35,29
137998,50,36,14
137999,50,36,15
138000,50,36,16
138010,50,36,26
138011,50,36,27
138012,50,36,28
138013,50,36,29
138054,50,37,26
138055,50,37,27
138056,50,37,28
